gene,cell_type,KW_p,KW_FDR,effect_size,effect_size_class,disease_1,disease_2,mw_stat,mw_p,n1,n2,mw_FDR
JUN,Mesenchymal,0.0,0.0,1.7569209,high,UC_inflamed,UC_non_inflamed,47123998.0,0.0,14855,4067,0.0
JUN,Mesenchymal,0.0,0.0,1.7569209,high,UC_inflamed,Colitis_inflamed,5015660.0,2.2976579220533157e-27,14855,529,3.4781258421532704e-26
JUN,Mesenchymal,0.0,0.0,1.7569209,high,Healthy,UC_inflamed,503334302.0,4.104982302103216e-27,71792,14855,6.16877297521436e-26
JUN,Mesenchymal,0.0,0.0,1.7569209,high,UC_inflamed,CD_inflamed,674665.5,7.405181045757392e-13,14855,59,6.243348379327965e-12
MCL1,Mesenchymal,0.0,0.0,1.04396236,high,Healthy,UC_inflamed,398311872.5,0.0,71792,14855,0.0
MCL1,Mesenchymal,0.0,0.0,1.04396236,high,UC_inflamed,UC_non_inflamed,44025044.5,0.0,14855,4067,0.0
MCL1,Mesenchymal,0.0,0.0,1.04396236,high,UC_inflamed,Colitis_inflamed,5513044.5,2.0579586823132105e-57,14855,529,5.897406508657341e-56
MCL1,Mesenchymal,0.0,0.0,1.04396236,high,UC_inflamed,CD_inflamed,668335.0,1.811626069924957e-12,14855,59,1.4943780913819623e-11
S100A4,Mesenchymal,0.0,0.0,1.4042127,high,Healthy,UC_inflamed,244505559.0,0.0,71792,14855,0.0
S100A4,Mesenchymal,0.0,0.0,1.4042127,high,UC_inflamed,Colitis_inflamed,5525143.5,2.098743118343153e-57,14855,529,6.011339656820591e-56
S100A4,Mesenchymal,0.0,0.0,1.4042127,high,UC_inflamed,UC_non_inflamed,34166801.0,4.4687146051081646e-38,14855,4067,8.900401770376823e-37
S100A4,Mesenchymal,0.0,0.0,1.4042127,high,UC_inflamed,CD_inflamed,648882.0,1.4831468011261507e-10,14855,59,1.087708526053582e-09
BTG2,Mesenchymal,0.0,0.0,0.8051156400000001,high,UC_inflamed,UC_non_inflamed,41090592.0,0.0,14855,4067,0.0
BTG2,Mesenchymal,0.0,0.0,0.8051156400000001,high,UC_inflamed,Colitis_inflamed,5053413.5,1.917004047372919e-32,14855,529,3.343080691168474e-31
BTG2,Mesenchymal,0.0,0.0,0.8051156400000001,high,Healthy,UC_inflamed,514800847.0,1.6053930889825729e-12,71792,14855,1.3280694317887988e-11
BTG2,Mesenchymal,0.0,0.0,0.8051156400000001,high,UC_inflamed,CD_inflamed,607064.5,6.610490360045881e-08,14855,59,3.97527901305175e-07
ATF3,Mesenchymal,0.0,0.0,1.01025817,high,UC_inflamed,UC_non_inflamed,43627024.5,0.0,14855,4067,0.0
ATF3,Mesenchymal,0.0,0.0,1.01025817,high,Healthy,UC_inflamed,459581085.0,1.1083961707518184e-190,71792,14855,1.099859539738634e-188
ATF3,Mesenchymal,0.0,0.0,1.01025817,high,UC_inflamed,Colitis_inflamed,5479856.5,2.7371663904432007e-60,14855,529,8.256614481754587e-59
ATF3,Mesenchymal,0.0,0.0,1.01025817,high,UC_inflamed,CD_inflamed,623233.0,3.2883108342785677e-09,14855,59,2.1973464165825625e-08
RPL37A,Mesenchymal,0.0,0.0,0.7363274,high,Healthy,UC_inflamed,589606879.5,9.307622244918839e-92,71792,14855,4.216575422065203e-90
RPL37A,Mesenchymal,0.0,0.0,0.7363274,high,UC_inflamed,UC_non_inflamed,36071904.0,1.626090415116719e-80,14855,4067,6.474211652770027e-79
RPL37A,Mesenchymal,0.0,0.0,0.7363274,high,UC_inflamed,Colitis_inflamed,5576677.0,1.4620503662912562e-60,14855,529,4.426832327339853e-59
RPL37A,Mesenchymal,0.0,0.0,0.7363274,high,UC_inflamed,CD_inflamed,618134.5,4.986938794355801e-08,14855,59,3.0294839607370584e-07
RPL15,Mesenchymal,0.0,0.0,1.3844037,high,Healthy,UC_inflamed,699866702.5,0.0,71792,14855,0.0
RPL15,Mesenchymal,0.0,0.0,1.3844037,high,UC_inflamed,UC_non_inflamed,22794526.5,1.7829992919300167e-127,14855,4067,1.1472314661019944e-125
RPL15,Mesenchymal,0.0,0.0,1.3844037,high,UC_inflamed,Colitis_inflamed,5541171.5,4.754704083103002e-58,14855,529,1.380467085963113e-56
RPL15,Mesenchymal,0.0,0.0,1.3844037,high,UC_inflamed,CD_inflamed,708523.0,2.6073246158116223e-16,14855,59,2.617890457459238e-15
RPL9,Mesenchymal,0.0,0.0,1.3059242999999998,high,Healthy,UC_inflamed,691875979.5,0.0,71792,14855,0.0
RPL9,Mesenchymal,0.0,0.0,1.3059242999999998,high,UC_inflamed,UC_non_inflamed,25101556.0,1.732858943593581e-61,14855,4067,5.313726825318855e-60
RPL9,Mesenchymal,0.0,0.0,1.3059242999999998,high,UC_inflamed,Colitis_inflamed,5172958.0,2.8177924543488906e-35,14855,529,5.262648316350009e-34
RPL9,Mesenchymal,0.0,0.0,1.3059242999999998,high,UC_inflamed,CD_inflamed,698181.0,3.3364598811532557e-15,14855,59,3.1795080701759273e-14
RPL37,Mesenchymal,0.0,0.0,0.7798685999999999,high,Healthy,UC_inflamed,678414848.5,0.0,71792,14855,0.0
RPL37,Mesenchymal,0.0,0.0,0.7798685999999999,high,UC_inflamed,UC_non_inflamed,35787926.0,4.0780646130617625e-73,14855,4067,1.467975650276256e-71
RPL37,Mesenchymal,0.0,0.0,0.7798685999999999,high,UC_inflamed,Colitis_inflamed,2503183.5,7.868264802229627e-46,14855,529,1.8466686773522026e-44
RPL37,Mesenchymal,0.0,0.0,0.7798685999999999,high,UC_inflamed,CD_inflamed,251529.0,1.5294048152004125e-08,14855,59,9.69421621095822e-08
IL6ST,Mesenchymal,0.0,0.0,0.97917603,high,Healthy,UC_inflamed,441585824.0,0.0,71792,14855,0.0
IL6ST,Mesenchymal,0.0,0.0,0.97917603,high,UC_inflamed,Colitis_inflamed,2812612.0,3.042188598620698e-32,14855,529,5.272188462368057e-31
IL6ST,Mesenchymal,0.0,0.0,0.97917603,high,UC_inflamed,UC_non_inflamed,28038529.5,7.287813421155049e-14,14855,4067,6.49494965124797e-13
IL6ST,Mesenchymal,0.0,0.0,0.97917603,high,UC_inflamed,CD_inflamed,278539.0,2.571477303728703e-07,14855,59,1.466800381687e-06
CXCL14,Mesenchymal,0.0,0.0,2.9240233,high,Healthy,UC_inflamed,378206913.5,0.0,71792,14855,0.0
CXCL14,Mesenchymal,0.0,0.0,2.9240233,high,UC_inflamed,UC_non_inflamed,18883179.5,1.454025638032508e-296,14855,4067,2.320820901933949e-294
CXCL14,Mesenchymal,0.0,0.0,2.9240233,high,UC_inflamed,Colitis_inflamed,2191266.5,7.956021969455334e-68,14855,529,2.6666333781077664e-66
CXCL14,Mesenchymal,0.0,0.0,2.9240233,high,UC_inflamed,CD_inflamed,157180.0,1.1241284496782697e-17,14855,59,1.2016519767734324e-16
RPS14,Mesenchymal,0.0,0.0,0.9575522,high,Healthy,UC_inflamed,666326386.5,0.0,71792,14855,0.0
RPS14,Mesenchymal,0.0,0.0,0.9575522,high,UC_inflamed,UC_non_inflamed,22352547.5,7.078925018238543e-143,14855,4067,5.107799615534575e-141
RPS14,Mesenchymal,0.0,0.0,0.9575522,high,UC_inflamed,Colitis_inflamed,4812734.5,1.3279849405586e-18,14855,529,1.4758681181981832e-17
RPS14,Mesenchymal,0.0,0.0,0.9575522,high,UC_inflamed,CD_inflamed,626646.5,1.1353584680454071e-08,14855,59,7.266312242835515e-08
DUSP1,Mesenchymal,0.0,0.0,1.6125646699999998,high,Healthy,UC_inflamed,389523511.5,0.0,71792,14855,0.0
DUSP1,Mesenchymal,0.0,0.0,1.6125646699999998,high,UC_inflamed,UC_non_inflamed,47126392.5,0.0,14855,4067,0.0
DUSP1,Mesenchymal,0.0,0.0,1.6125646699999998,high,UC_inflamed,Colitis_inflamed,5782588.0,9.002465842895276e-77,14855,529,3.3946315242291833e-75
DUSP1,Mesenchymal,0.0,0.0,1.6125646699999998,high,UC_inflamed,CD_inflamed,672606.0,1.0158172772066265e-12,14855,59,8.498123343936789e-12
IER3,Mesenchymal,0.0,0.0,1.04359575,high,Healthy,UC_inflamed,384876668.5,0.0,71792,14855,0.0
IER3,Mesenchymal,0.0,0.0,1.04359575,high,UC_inflamed,UC_non_inflamed,42888565.5,0.0,14855,4067,0.0
IER3,Mesenchymal,0.0,0.0,1.04359575,high,UC_inflamed,Colitis_inflamed,5576409.0,1.803677510162833e-65,14855,529,5.822454660487558e-64
IER3,Mesenchymal,0.0,0.0,1.04359575,high,UC_inflamed,CD_inflamed,625136.5,4.1659629483529755e-09,14855,59,2.76204492541372e-08
RPS18,Mesenchymal,0.0,0.0,1.2949930000000005,high,UC_inflamed,UC_non_inflamed,19311493.0,5.470694861578117e-273,14855,4067,7.916041396739943e-271
RPS18,Mesenchymal,0.0,0.0,1.2949930000000005,high,UC_inflamed,Colitis_inflamed,5896128.5,1.645694589808608e-85,14855,529,6.938196693420846e-84
RPS18,Mesenchymal,0.0,0.0,1.2949930000000005,high,UC_inflamed,CD_inflamed,687451.0,4.30986685950582e-14,14855,59,3.886796157035572e-13
RPS18,Mesenchymal,0.0,0.0,1.2949930000000005,high,Healthy,UC_inflamed,516547530.0,1.8150012200827246e-09,71792,14855,1.2363318804480097e-08
RPS10,Mesenchymal,0.0,0.0,1.64359551,high,UC_inflamed,Colitis_inflamed,6753818.0,9.307955208458514e-177,14855,529,8.48356641948072e-175
RPS10,Mesenchymal,0.0,0.0,1.64359551,high,Healthy,UC_inflamed,603588066.0,5.341651155634183e-143,71792,14855,3.862922849640257e-141
RPS10,Mesenchymal,0.0,0.0,1.64359551,high,UC_inflamed,UC_non_inflamed,32816260.5,1.868572204055454e-17,14855,4067,1.9782642220821118e-16
RPS10,Mesenchymal,0.0,0.0,1.64359551,high,UC_inflamed,CD_inflamed,690316.5,1.586656034463605e-14,14855,59,1.4641090606220342e-13
RPL10A,Mesenchymal,0.0,0.0,1.4277773000000002,high,Healthy,UC_inflamed,676049844.5,0.0,71792,14855,0.0
RPL10A,Mesenchymal,0.0,0.0,1.4277773000000002,high,UC_inflamed,UC_non_inflamed,22787816.0,1.0145037562021716e-127,14855,4067,6.543285139621936e-126
RPL10A,Mesenchymal,0.0,0.0,1.4277773000000002,high,UC_inflamed,Colitis_inflamed,5234613.0,1.0968868538955835e-38,14855,529,2.210380728477024e-37
RPL10A,Mesenchymal,0.0,0.0,1.4277773000000002,high,UC_inflamed,CD_inflamed,692807.5,1.2118741025285143e-14,14855,59,1.1240055529383625e-13
SOD2,Mesenchymal,0.0,0.0,1.20110134,high,Healthy,UC_inflamed,283353447.5,0.0,71792,14855,0.0
SOD2,Mesenchymal,0.0,0.0,1.20110134,high,UC_inflamed,UC_non_inflamed,38443013.5,1.3072617942530537e-167,14855,4067,1.115119237099864e-165
SOD2,Mesenchymal,0.0,0.0,1.20110134,high,UC_inflamed,Colitis_inflamed,5426472.5,6.344794635101704e-53,14855,529,1.688973844600214e-51
SOD2,Mesenchymal,0.0,0.0,1.20110134,high,UC_inflamed,CD_inflamed,622759.0,1.0047948249418771e-08,14855,59,6.464355313262065e-08
NAMPT,Mesenchymal,0.0,0.0,0.8001163499999999,high,Healthy,UC_inflamed,410060684.5,0.0,71792,14855,0.0
NAMPT,Mesenchymal,0.0,0.0,0.8001163499999999,high,UC_inflamed,UC_non_inflamed,41868105.0,0.0,14855,4067,0.0
NAMPT,Mesenchymal,0.0,0.0,0.8001163499999999,high,UC_inflamed,Colitis_inflamed,5332444.5,8.644193890457947e-51,14855,529,2.221039288542202e-49
NAMPT,Mesenchymal,0.0,0.0,0.8001163499999999,high,UC_inflamed,CD_inflamed,620401.5,3.810543849880211e-09,14855,59,2.5330750279572707e-08
RPL7,Mesenchymal,0.0,0.0,2.224824,high,UC_inflamed,Colitis_inflamed,6860496.5,1.6163777881951234e-187,14855,529,1.5691238263340842e-185
RPL7,Mesenchymal,0.0,0.0,2.224824,high,UC_inflamed,UC_non_inflamed,23292671.0,3.5788598991262545e-111,14855,4067,1.9840805051782561e-109
RPL7,Mesenchymal,0.0,0.0,2.224824,high,UC_inflamed,CD_inflamed,819781.5,6.478570653297776e-31,14855,59,1.0807683900078795e-29
RPL7,Mesenchymal,0.0,0.0,2.224824,high,Healthy,UC_inflamed,517288561.5,9.10448430757824e-09,71792,14855,5.879690423191416e-08
EEF1D,Mesenchymal,0.0,0.0,0.9883651999999998,high,Healthy,UC_inflamed,436071788.0,4.93760596637734e-269,71792,14855,7.043414002524983e-267
EEF1D,Mesenchymal,0.0,0.0,0.9883651999999998,high,UC_inflamed,UC_non_inflamed,23920742.0,2.452552803499667e-92,14855,4067,1.1183001953669915e-90
EEF1D,Mesenchymal,0.0,0.0,0.9883651999999998,high,UC_inflamed,Colitis_inflamed,4545601.5,7.917826225511908e-10,14855,529,5.543235583458062e-09
EEF1D,Mesenchymal,0.0,0.0,0.9883651999999998,high,UC_inflamed,CD_inflamed,623797.0,1.8331043301039544e-08,14855,59,1.1540202187602293e-07
RPL35,Mesenchymal,0.0,0.0,0.7453336999999998,high,Healthy,UC_inflamed,444357437.0,4.114583879248483e-225,71792,14855,4.8796298509055096e-223
RPL35,Mesenchymal,0.0,0.0,0.7453336999999998,high,UC_inflamed,Colitis_inflamed,5822231.0,2.3408523473310527e-79,14855,529,9.188259091827103e-78
RPL35,Mesenchymal,0.0,0.0,0.7453336999999998,high,UC_inflamed,UC_non_inflamed,28147958.0,2.497546642423893e-11,14855,4067,1.9250054403559127e-10
RPL35,Mesenchymal,0.0,0.0,0.7453336999999998,high,UC_inflamed,CD_inflamed,640995.0,8.038109924171152e-10,14855,59,5.623534332266569e-09
IFITM3,Mesenchymal,0.0,0.0,1.4271254,high,Healthy,UC_inflamed,322691951.0,0.0,71792,14855,0.0
IFITM3,Mesenchymal,0.0,0.0,1.4271254,high,UC_inflamed,Colitis_inflamed,2496559.0,3.1805016002147267e-46,14855,529,7.529322103698099e-45
IFITM3,Mesenchymal,0.0,0.0,1.4271254,high,UC_inflamed,UC_non_inflamed,26710076.5,9.062774243337433e-30,14855,4067,1.4668942632055206e-28
IFITM3,Mesenchymal,0.0,0.0,1.4271254,high,UC_inflamed,CD_inflamed,212770.0,8.401639997937118e-12,14855,59,6.663469524612296e-11
RPL27A,Mesenchymal,0.0,0.0,1.8656876,high,Healthy,UC_inflamed,422355377.5,0.0,71792,14855,0.0
RPL27A,Mesenchymal,0.0,0.0,1.8656876,high,UC_inflamed,Colitis_inflamed,7073919.0,1.6351656045583247e-215,14855,529,1.8493217739755493e-213
RPL27A,Mesenchymal,0.0,0.0,1.8656876,high,UC_inflamed,UC_non_inflamed,26192097.5,1.0671704362708034e-38,14855,4067,2.1522747103764814e-37
RPL27A,Mesenchymal,0.0,0.0,1.8656876,high,UC_inflamed,CD_inflamed,802409.0,2.590355875414409e-28,14855,59,4.0256374962413454e-27
C11orf96,Mesenchymal,0.0,0.0,1.15180324,high,Healthy,UC_inflamed,365632038.5,0.0,71792,14855,0.0
C11orf96,Mesenchymal,0.0,0.0,1.15180324,high,UC_inflamed,UC_non_inflamed,44975469.5,0.0,14855,4067,0.0
C11orf96,Mesenchymal,0.0,0.0,1.15180324,high,UC_inflamed,Colitis_inflamed,5771166.5,2.076528574107188e-76,14855,529,7.797270386103114e-75
C11orf96,Mesenchymal,0.0,0.0,1.15180324,high,UC_inflamed,CD_inflamed,658317.5,1.8608837911734716e-11,14855,59,1.4448022685652388e-10
FTH1,Mesenchymal,0.0,0.0,1.3653464999999998,high,Healthy,UC_inflamed,277147458.0,0.0,71792,14855,0.0
FTH1,Mesenchymal,0.0,0.0,1.3653464999999998,high,UC_inflamed,UC_non_inflamed,25826894.0,1.0139870075173475e-45,14855,4067,2.374274608326095e-44
FTH1,Mesenchymal,0.0,0.0,1.3653464999999998,high,UC_inflamed,Colitis_inflamed,5138313.5,2.0216197189014576e-33,14855,529,3.6191847013014637e-32
FTH1,Mesenchymal,0.0,0.0,1.3653464999999998,high,UC_inflamed,CD_inflamed,686644.0,5.203395426386133e-14,14855,59,4.672987416603394e-13
EEF1G,Mesenchymal,0.0,0.0,1.829592586,high,Healthy,UC_inflamed,301742235.0,0.0,71792,14855,0.0
EEF1G,Mesenchymal,0.0,0.0,1.829592586,high,UC_inflamed,UC_non_inflamed,51151861.5,0.0,14855,4067,0.0
EEF1G,Mesenchymal,0.0,0.0,1.829592586,high,UC_inflamed,Colitis_inflamed,4871741.0,1.951668015205389e-21,14855,529,2.4297784001919288e-20
EEF1G,Mesenchymal,0.0,0.0,1.829592586,high,UC_inflamed,CD_inflamed,611439.5,1.0623898213323921e-07,14855,59,6.274906690342968e-07
NEAT1,Mesenchymal,0.0,0.0,1.6165143,high,Healthy,UC_inflamed,210114489.0,0.0,71792,14855,0.0
NEAT1,Mesenchymal,0.0,0.0,1.6165143,high,UC_inflamed,UC_non_inflamed,44819098.0,0.0,14855,4067,0.0
NEAT1,Mesenchymal,0.0,0.0,1.6165143,high,UC_inflamed,Colitis_inflamed,6058966.0,5.64866766277551e-100,14855,529,2.7956912326060103e-98
NEAT1,Mesenchymal,0.0,0.0,1.6165143,high,UC_inflamed,CD_inflamed,676142.0,5.581164380692384e-13,14855,59,4.740501679819147e-12
MALAT1,Mesenchymal,0.0,0.0,0.978802,high,UC_inflamed,UC_non_inflamed,43204993.5,0.0,14855,4067,0.0
MALAT1,Mesenchymal,0.0,0.0,0.978802,high,UC_inflamed,Colitis_inflamed,6058934.5,6.450509845336272e-100,14855,529,3.186670584636218e-98
MALAT1,Mesenchymal,0.0,0.0,0.978802,high,Healthy,UC_inflamed,480219786.5,2.3114963179689584e-81,71792,14855,9.281138918197476e-80
MALAT1,Mesenchymal,0.0,0.0,0.978802,high,UC_inflamed,CD_inflamed,696228.5,5.405417388618522e-15,14855,59,5.098046793376745e-14
NNMT,Mesenchymal,0.0,0.0,1.143725,high,Healthy,UC_inflamed,254647901.0,0.0,71792,14855,0.0
NNMT,Mesenchymal,0.0,0.0,1.143725,high,UC_inflamed,Colitis_inflamed,5402547.0,4.144986242937458e-50,14855,529,1.0524200448133024e-48
NNMT,Mesenchymal,0.0,0.0,1.143725,high,UC_inflamed,UC_non_inflamed,34252675.0,2.10738953767582e-40,14855,4067,4.4134601435980603e-39
NNMT,Mesenchymal,0.0,0.0,1.143725,high,UC_inflamed,CD_inflamed,630075.0,3.895928842686191e-09,14855,59,2.5879123122895897e-08
A2M,Mesenchymal,0.0,0.0,1.7778202,high,Healthy,UC_inflamed,308638140.0,0.0,71792,14855,0.0
A2M,Mesenchymal,0.0,0.0,1.7778202,high,UC_inflamed,UC_non_inflamed,22718492.5,1.3541768494506408e-131,14855,4067,9.004549199175298e-130
A2M,Mesenchymal,0.0,0.0,1.7778202,high,UC_inflamed,Colitis_inflamed,2169006.5,1.0263922297019684e-69,14855,529,3.5297986033205635e-68
A2M,Mesenchymal,0.0,0.0,1.7778202,high,UC_inflamed,CD_inflamed,239937.5,1.4564509666133735e-09,14855,59,9.988137803316462e-09
NR4A1,Mesenchymal,0.0,0.0,1.02796102,high,Healthy,UC_inflamed,410972789.0,0.0,71792,14855,0.0
NR4A1,Mesenchymal,0.0,0.0,1.02796102,high,UC_inflamed,UC_non_inflamed,45436640.0,0.0,14855,4067,0.0
NR4A1,Mesenchymal,0.0,0.0,1.02796102,high,UC_inflamed,Colitis_inflamed,5602955.0,2.8456601880489968e-67,14855,529,9.435733442151349e-66
NR4A1,Mesenchymal,0.0,0.0,1.02796102,high,UC_inflamed,CD_inflamed,651089.5,2.409614628937917e-11,14855,59,1.859544951796692e-10
RPL41,Mesenchymal,0.0,0.0,2.074116,high,UC_inflamed,Colitis_inflamed,7628382.5,2.480423371698753e-297,14855,529,3.974847602110291e-295
RPL41,Mesenchymal,0.0,0.0,2.074116,high,Healthy,UC_inflamed,440067098.0,4.012582416021745e-247,71792,14855,5.2031110958156355e-245
RPL41,Mesenchymal,0.0,0.0,2.074116,high,UC_inflamed,CD_inflamed,851408.5,5.893475508056234e-36,14855,59,1.1199341953657303e-34
RPL41,Mesenchymal,0.0,0.0,2.074116,high,UC_inflamed,UC_non_inflamed,33443668.0,1.0213456435101722e-25,14855,4067,1.4679849699894087e-24
PHLDA1,Mesenchymal,0.0,0.0,1.20523826,high,Healthy,UC_inflamed,281027733.0,0.0,71792,14855,0.0
PHLDA1,Mesenchymal,0.0,0.0,1.20523826,high,UC_inflamed,UC_non_inflamed,43972710.0,0.0,14855,4067,0.0
PHLDA1,Mesenchymal,0.0,0.0,1.20523826,high,UC_inflamed,Colitis_inflamed,5669117.5,4.778159885478466e-69,14855,529,1.628274755726422e-67
PHLDA1,Mesenchymal,0.0,0.0,1.20523826,high,UC_inflamed,CD_inflamed,661722.5,7.238431800278951e-12,14855,59,5.761909062054791e-11
RPL21,Mesenchymal,0.0,0.0,1.977198,high,Healthy,UC_inflamed,427475169.5,0.0,71792,14855,0.0
RPL21,Mesenchymal,0.0,0.0,1.977198,high,UC_inflamed,Colitis_inflamed,7453615.0,4.116409320504891e-270,14855,529,5.892868631709448e-268
RPL21,Mesenchymal,0.0,0.0,1.977198,high,UC_inflamed,CD_inflamed,816002.0,2.4582831633440317e-30,14855,59,4.033688267514583e-29
RPL21,Mesenchymal,0.0,0.0,1.977198,high,UC_inflamed,UC_non_inflamed,33259131.5,4.769545043599818e-23,14855,4067,6.310155502109182e-22
RPS29,Mesenchymal,0.0,0.0,1.2047834000000002,high,UC_inflamed,UC_non_inflamed,39053266.5,8.153837953869764e-181,14855,4067,7.57747029700361e-179
RPS29,Mesenchymal,0.0,0.0,1.2047834000000002,high,Healthy,UC_inflamed,602964546.0,2.0805263172099008e-139,71792,14855,1.4715360710876353e-137
RPS29,Mesenchymal,0.0,0.0,1.2047834000000002,high,UC_inflamed,Colitis_inflamed,6338118.5,2.1740911563179905e-127,14855,529,1.3966389338851708e-125
RPS29,Mesenchymal,0.0,0.0,1.2047834000000002,high,UC_inflamed,CD_inflamed,672475.5,1.2472392094601145e-12,14855,59,1.0381305219057908e-11
FOS,Mesenchymal,0.0,0.0,1.8749855,high,UC_inflamed,UC_non_inflamed,47513072.0,0.0,14855,4067,0.0
FOS,Mesenchymal,0.0,0.0,1.8749855,high,UC_inflamed,Colitis_inflamed,5111608.0,4.684293577110723e-32,14855,529,8.076281774902924e-31
FOS,Mesenchymal,0.0,0.0,1.8749855,high,Healthy,UC_inflamed,508804904.5,1.243524027932418e-18,71792,14855,1.3839371480790261e-17
FOS,Mesenchymal,0.0,0.0,1.8749855,high,UC_inflamed,CD_inflamed,642933.0,5.496346084369782e-10,14855,59,3.890074870963539e-09
RPS17,Mesenchymal,0.0,0.0,2.13110163,high,Healthy,UC_inflamed,349516878.0,0.0,71792,14855,0.0
RPS17,Mesenchymal,0.0,0.0,2.13110163,high,UC_inflamed,UC_non_inflamed,52263983.5,0.0,14855,4067,0.0
RPS17,Mesenchymal,0.0,0.0,2.13110163,high,UC_inflamed,Colitis_inflamed,6023442.5,2.2068894187649602e-98,14855,529,1.0747491408893161e-96
RPS17,Mesenchymal,0.0,0.0,2.13110163,high,UC_inflamed,CD_inflamed,666713.0,2.906670499500425e-12,14855,59,2.370104217227196e-11
RPS2,Mesenchymal,0.0,0.0,1.7150499999999995,high,UC_inflamed,UC_non_inflamed,16278738.0,0.0,14855,4067,0.0
RPS2,Mesenchymal,0.0,0.0,1.7150499999999995,high,Healthy,UC_inflamed,612439385.5,3.495365175179368e-179,71792,14855,3.2296532499290717e-177
RPS2,Mesenchymal,0.0,0.0,1.7150499999999995,high,UC_inflamed,Colitis_inflamed,5677294.0,6.1388564650562585e-68,14855,529,2.0618620097962682e-66
RPS2,Mesenchymal,0.0,0.0,1.7150499999999995,high,UC_inflamed,CD_inflamed,737631.5,1.1701132317635995e-19,14855,59,1.362101452660121e-18
MFAP4,Mesenchymal,0.0,0.0,1.1469513000000002,high,Healthy,UC_inflamed,653217080.0,0.0,71792,14855,0.0
MFAP4,Mesenchymal,0.0,0.0,1.1469513000000002,high,UC_inflamed,UC_non_inflamed,25407370.5,5.706988184868703e-56,14855,4067,1.5990091286936402e-54
MFAP4,Mesenchymal,0.0,0.0,1.1469513000000002,high,UC_inflamed,Colitis_inflamed,2513173.0,1.7419954772037767e-46,14855,529,4.143381651213532e-45
MFAP4,Mesenchymal,0.0,0.0,1.1469513000000002,high,UC_inflamed,CD_inflamed,201711.5,3.4604988460189135e-13,14855,59,2.9729720428429853e-12
EIF1,Mesenchymal,0.0,0.0,1.0537541,high,Healthy,UC_inflamed,432618158.5,7.222041785083518e-288,71792,14855,1.114089874988219e-285
EIF1,Mesenchymal,0.0,0.0,1.0537541,high,UC_inflamed,UC_non_inflamed,38792498.0,2.9371858112465746e-170,14855,4067,2.5486733561490343e-168
EIF1,Mesenchymal,0.0,0.0,1.0537541,high,UC_inflamed,Colitis_inflamed,6126162.5,3.3424248875938884e-106,14855,529,1.76838872584427e-104
EIF1,Mesenchymal,0.0,0.0,1.0537541,high,UC_inflamed,CD_inflamed,693457.5,1.0485113533586028e-14,14855,59,9.754086960397585e-14
SOCS3,Mesenchymal,0.0,0.0,1.5980528,high,Healthy,UC_inflamed,397754153.5,0.0,71792,14855,0.0
SOCS3,Mesenchymal,0.0,0.0,1.5980528,high,UC_inflamed,UC_non_inflamed,43660736.5,0.0,14855,4067,0.0
SOCS3,Mesenchymal,0.0,0.0,1.5980528,high,UC_inflamed,Colitis_inflamed,5914672.5,6.94433782035548e-89,14855,529,3.044054452825939e-87
SOCS3,Mesenchymal,0.0,0.0,1.5980528,high,UC_inflamed,CD_inflamed,707228.5,1.956720306118163e-16,14855,59,1.9741264505439467e-15
RPL17,Mesenchymal,0.0,0.0,1.65964446,high,Healthy,UC_inflamed,335838812.0,0.0,71792,14855,0.0
RPL17,Mesenchymal,0.0,0.0,1.65964446,high,UC_inflamed,UC_non_inflamed,50863745.0,0.0,14855,4067,0.0
RPL17,Mesenchymal,0.0,0.0,1.65964446,high,UC_inflamed,Colitis_inflamed,5081328.0,1.4742109850885232e-30,14855,529,2.4330977572095374e-29
RPL17,Mesenchymal,0.0,0.0,1.65964446,high,UC_inflamed,CD_inflamed,620161.5,3.4300417830247805e-08,14855,59,2.109394490438907e-07
JUNB,Mesenchymal,0.0,0.0,1.6288711,high,Healthy,UC_inflamed,415805494.5,0.0,71792,14855,0.0
JUNB,Mesenchymal,0.0,0.0,1.6288711,high,UC_inflamed,UC_non_inflamed,46597780.5,0.0,14855,4067,0.0
JUNB,Mesenchymal,0.0,0.0,1.6288711,high,UC_inflamed,Colitis_inflamed,5482823.5,4.2184116402422925e-54,14855,529,1.1464313105990909e-52
JUNB,Mesenchymal,0.0,0.0,1.6288711,high,UC_inflamed,CD_inflamed,641718.0,6.893201860676664e-10,14855,59,4.846335878386417e-09
IER2,Mesenchymal,0.0,0.0,1.5037805,high,UC_inflamed,UC_non_inflamed,46522237.5,0.0,14855,4067,0.0
IER2,Mesenchymal,0.0,0.0,1.5037805,high,Healthy,UC_inflamed,479988887.5,8.190234738633925e-83,71792,14855,3.341873079951846e-81
IER2,Mesenchymal,0.0,0.0,1.5037805,high,UC_inflamed,Colitis_inflamed,5589248.5,6.291821298931923e-62,14855,529,1.941555509087921e-60
IER2,Mesenchymal,0.0,0.0,1.5037805,high,UC_inflamed,CD_inflamed,653792.0,5.5845971180848e-11,14855,59,4.2085038878272285e-10
ZFP36,Mesenchymal,0.0,0.0,1.8233127,high,Healthy,UC_inflamed,399415717.5,0.0,71792,14855,0.0
ZFP36,Mesenchymal,0.0,0.0,1.8233127,high,UC_inflamed,UC_non_inflamed,47559224.0,0.0,14855,4067,0.0
ZFP36,Mesenchymal,0.0,0.0,1.8233127,high,UC_inflamed,Colitis_inflamed,5056301.5,2.0806284934295706e-29,14855,529,3.3341812822570373e-28
ZFP36,Mesenchymal,0.0,0.0,1.8233127,high,UC_inflamed,CD_inflamed,641098.0,7.179822881903257e-10,14855,59,5.042124777092049e-09
FOSB,Mesenchymal,0.0,0.0,1.84695665,high,Healthy,UC_inflamed,411682547.0,0.0,71792,14855,0.0
FOSB,Mesenchymal,0.0,0.0,1.84695665,high,UC_inflamed,UC_non_inflamed,49306897.5,0.0,14855,4067,0.0
FOSB,Mesenchymal,0.0,0.0,1.84695665,high,UC_inflamed,Colitis_inflamed,6030224.5,3.021564936559249e-98,14855,529,1.4683857363695449e-96
FOSB,Mesenchymal,0.0,0.0,1.84695665,high,UC_inflamed,CD_inflamed,719450.5,1.1660445721698839e-17,14855,59,1.2456319869193408e-16
FTL,Mesenchymal,0.0,0.0,1.0063942,high,Healthy,UC_inflamed,371256540.5,0.0,71792,14855,0.0
FTL,Mesenchymal,0.0,0.0,1.0063942,high,UC_inflamed,Colitis_inflamed,4769486.0,5.657986976742231e-17,14855,529,5.869364267982842e-16
FTL,Mesenchymal,0.0,0.0,1.0063942,high,UC_inflamed,UC_non_inflamed,27850863.5,2.247294966278838e-14,14855,4067,2.05616892579938e-13
FTL,Mesenchymal,0.0,0.0,1.0063942,high,UC_inflamed,CD_inflamed,622007.0,2.5711529958023282e-08,14855,59,1.5979169173958668e-07
RPL13A,Mesenchymal,0.0,0.0,2.4052756000000004,high,Healthy,UC_inflamed,415880175.5,0.0,71792,14855,0.0
RPL13A,Mesenchymal,0.0,0.0,2.4052756000000004,high,UC_inflamed,Colitis_inflamed,7393171.5,5.428578696353191e-261,14855,529,7.478807519655101e-259
RPL13A,Mesenchymal,0.0,0.0,2.4052756000000004,high,UC_inflamed,UC_non_inflamed,21728971.5,4.061890109826052e-166,14855,4067,3.4249602208768884e-164
RPL13A,Mesenchymal,0.0,0.0,2.4052756000000004,high,UC_inflamed,CD_inflamed,839878.0,4.519765669283223e-34,14855,59,8.21381472622504e-33
RPS9,Mesenchymal,0.0,0.0,1.0880129999999997,high,UC_inflamed,UC_non_inflamed,23832333.0,8.691106089367697e-95,14855,4067,4.0641772232655855e-93
RPS9,Mesenchymal,0.0,0.0,1.0880129999999997,high,UC_inflamed,Colitis_inflamed,5754348.5,6.793951378777541e-74,14855,529,2.471015965564867e-72
RPS9,Mesenchymal,0.0,0.0,1.0880129999999997,high,Healthy,UC_inflamed,485623198.0,5.491089158547393e-66,71792,14855,1.7869062618388718e-64
RPS9,Mesenchymal,0.0,0.0,1.0880129999999997,high,UC_inflamed,CD_inflamed,667497.5,3.733251516219785e-12,14855,59,3.024955507582997e-11
CEBPB,Mesenchymal,0.0,0.0,1.1261166,high,Healthy,UC_inflamed,334369272.0,0.0,71792,14855,0.0
CEBPB,Mesenchymal,0.0,0.0,1.1261166,high,UC_inflamed,UC_non_inflamed,41744787.0,0.0,14855,4067,0.0
CEBPB,Mesenchymal,0.0,0.0,1.1261166,high,UC_inflamed,Colitis_inflamed,5809099.0,4.973988075373495e-80,14855,529,1.9696601414775048e-78
CEBPB,Mesenchymal,0.0,0.0,1.1261166,high,UC_inflamed,CD_inflamed,670210.5,1.2360712098032974e-12,14855,59,1.0291008495596622e-11
COL6A2,Mesenchymal,0.0,0.0,1.2237321,high,Healthy,UC_inflamed,349342353.5,0.0,71792,14855,0.0
COL6A2,Mesenchymal,0.0,0.0,1.2237321,high,UC_inflamed,UC_non_inflamed,26788630.0,1.5309797406337559e-28,14855,4067,2.39685318585658e-27
COL6A2,Mesenchymal,0.0,0.0,1.2237321,high,UC_inflamed,Colitis_inflamed,2883610.5,1.9838524841268664e-25,14855,529,2.82592820244677e-24
COL6A2,Mesenchymal,0.0,0.0,1.2237321,high,UC_inflamed,CD_inflamed,253255.0,2.059762290710828e-08,14855,59,1.2910590679496334e-07
TMSB4X,Mesenchymal,0.0,0.0,1.330075,high,Healthy,UC_inflamed,282686590.5,0.0,71792,14855,0.0
TMSB4X,Mesenchymal,0.0,0.0,1.330075,high,UC_inflamed,Colitis_inflamed,5718179.5,4.628429873037239e-71,14855,529,1.6201013498210114e-69
TMSB4X,Mesenchymal,0.0,0.0,1.330075,high,UC_inflamed,UC_non_inflamed,27283894.5,2.733060806318468e-21,14855,4067,3.3866233966114425e-20
TMSB4X,Mesenchymal,0.0,0.0,1.330075,high,UC_inflamed,CD_inflamed,714278.0,6.062652469504607e-17,14855,59,6.282372963263679e-16
SAT1,Mesenchymal,0.0,0.0,1.2678138,high,Healthy,UC_inflamed,286423881.5,0.0,71792,14855,0.0
SAT1,Mesenchymal,0.0,0.0,1.2678138,high,UC_inflamed,UC_non_inflamed,37805390.5,2.609721916255157e-136,14855,4067,1.807723503711368e-134
SAT1,Mesenchymal,0.0,0.0,1.2678138,high,UC_inflamed,Colitis_inflamed,5803655.0,5.808915872927714e-79,14855,529,2.2673919082283283e-77
SAT1,Mesenchymal,0.0,0.0,1.2678138,high,UC_inflamed,CD_inflamed,676010.5,4.083131319529569e-13,14855,59,3.494650045226322e-12
RPS4X,Mesenchymal,0.0,0.0,1.4614379,high,Healthy,UC_inflamed,671897507.5,0.0,71792,14855,0.0
RPS4X,Mesenchymal,0.0,0.0,1.4614379,high,UC_inflamed,UC_non_inflamed,26943866.0,3.908479580895755e-26,14855,4067,5.701636200210701e-25
RPS4X,Mesenchymal,0.0,0.0,1.4614379,high,UC_inflamed,Colitis_inflamed,4949260.0,2.873534346749229e-24,14855,529,3.941259636722563e-23
RPS4X,Mesenchymal,0.0,0.0,1.4614379,high,UC_inflamed,CD_inflamed,712338.5,9.910627993540939e-17,14855,59,1.0166931896042857e-15
XIST,Mesenchymal,0.0,0.0,1.1803516,high,Healthy,UC_inflamed,381298250.5,0.0,71792,14855,0.0
XIST,Mesenchymal,0.0,0.0,1.1803516,high,UC_inflamed,UC_non_inflamed,40378347.5,1.491371366597201e-257,14855,4067,2.0149778405241539e-255
XIST,Mesenchymal,0.0,0.0,1.1803516,high,UC_inflamed,Colitis_inflamed,6013123.5,1.9101740728839529e-100,14855,529,9.500726820196435e-99
XIST,Mesenchymal,0.0,0.0,1.1803516,high,UC_inflamed,CD_inflamed,725493.5,6.023277718157031e-19,14855,59,6.808316090042038e-18
RPS4Y1,Mesenchymal,0.0,0.0,1.0731281300000002,high,Healthy,UC_inflamed,739872510.5,0.0,71792,14855,0.0
RPS4Y1,Mesenchymal,0.0,0.0,1.0731281300000002,high,UC_inflamed,Colitis_inflamed,1780320.0,0.0,14855,529,0.0
RPS4Y1,Mesenchymal,0.0,0.0,1.0731281300000002,high,UC_inflamed,UC_non_inflamed,21776134.0,0.0,14855,4067,0.0
RPS4Y1,Mesenchymal,0.0,0.0,1.0731281300000002,high,UC_inflamed,CD_inflamed,274279.0,1.496622601518128e-30,14855,59,2.469580634984575e-29
MT-ND2,Mesenchymal,0.0,0.0,1.1584667,high,Healthy,UC_inflamed,209842754.0,0.0,71792,14855,0.0
MT-ND2,Mesenchymal,0.0,0.0,1.1584667,high,UC_inflamed,UC_non_inflamed,37784811.5,4.4525007820316406e-133,14855,4067,2.9940511521761833e-131
MT-ND2,Mesenchymal,0.0,0.0,1.1584667,high,UC_inflamed,Colitis_inflamed,6197506.0,4.43102104680988e-113,14855,529,2.512732181650462e-111
MT-ND2,Mesenchymal,0.0,0.0,1.1584667,high,UC_inflamed,CD_inflamed,644460.5,4.140772452121999e-10,14855,59,2.9536336407753027e-09
MT-CO2,Mesenchymal,0.0,0.0,1.2703126,high,Healthy,UC_inflamed,384227886.5,0.0,71792,14855,0.0
MT-CO2,Mesenchymal,0.0,0.0,1.2703126,high,UC_inflamed,Colitis_inflamed,1518459.5,1.8475796403495528e-127,14855,529,1.187361137582983e-125
MT-CO2,Mesenchymal,0.0,0.0,1.2703126,high,UC_inflamed,UC_non_inflamed,37052921.5,5.653736263886248e-109,14855,4067,3.077168723551471e-107
MT-CO2,Mesenchymal,0.0,0.0,1.2703126,high,UC_inflamed,CD_inflamed,220353.5,4.0832980008123105e-11,14855,59,3.1038615331610076e-10
MT-ATP8,Mesenchymal,0.0,0.0,3.5120056,high,Healthy,UC_inflamed,623025326.5,0.0,71792,14855,0.0
MT-ATP8,Mesenchymal,0.0,0.0,3.5120056,high,UC_inflamed,Colitis_inflamed,60584.0,0.0,14855,529,0.0
MT-ATP8,Mesenchymal,0.0,0.0,3.5120056,high,UC_inflamed,CD_inflamed,9772.5,1.4099374415951783e-185,14855,59,1.353220649397518e-183
MT-ATP8,Mesenchymal,0.0,0.0,3.5120056,high,UC_inflamed,UC_non_inflamed,31149720.5,1.9844354999153159e-13,14855,4067,1.7267848349976308e-12
MT-ATP6,Mesenchymal,0.0,0.0,1.2219070000000003,high,Healthy,UC_inflamed,403577809.0,0.0,71792,14855,0.0
MT-ATP6,Mesenchymal,0.0,0.0,1.2219070000000003,high,UC_inflamed,UC_non_inflamed,34535524.5,1.1464853420535904e-44,14855,4067,2.6216309007202997e-43
MT-ATP6,Mesenchymal,0.0,0.0,1.2219070000000003,high,UC_inflamed,Colitis_inflamed,4749341.5,3.049063294007554e-16,14855,529,3.051526494530926e-15
MT-ATP6,Mesenchymal,0.0,0.0,1.2219070000000003,high,UC_inflamed,CD_inflamed,194067.5,1.38820033423913e-13,14855,59,1.2179650459207446e-12
MT-ND3,Mesenchymal,0.0,0.0,1.956604,high,Healthy,UC_inflamed,403230626.0,0.0,71792,14855,0.0
MT-ND3,Mesenchymal,0.0,0.0,1.956604,high,UC_inflamed,UC_non_inflamed,44231087.0,0.0,14855,4067,0.0
MT-ND3,Mesenchymal,0.0,0.0,1.956604,high,UC_inflamed,Colitis_inflamed,2999595.0,2.0153249495815528e-20,14855,529,2.416379415798906e-19
MT-ND3,Mesenchymal,0.0,0.0,1.956604,high,UC_inflamed,CD_inflamed,237362.0,1.156430069738834e-09,14855,59,7.992235451720347e-09
MT-ND4L,Mesenchymal,0.0,0.0,3.8442657,high,UC_inflamed,Colitis_inflamed,33741.0,0.0,14855,529,0.0
MT-ND4L,Mesenchymal,0.0,0.0,3.8442657,high,Healthy,UC_inflamed,621104463.0,2.7541315307276693e-244,71792,14855,3.5342859205074998e-242
MT-ND4L,Mesenchymal,0.0,0.0,3.8442657,high,UC_inflamed,UC_non_inflamed,36848851.5,1.6309277679128228e-125,14855,4067,1.0316611037798903e-123
MT-ND4L,Mesenchymal,0.0,0.0,3.8442657,high,UC_inflamed,CD_inflamed,2362.0,4.366507865338519e-46,14855,59,1.0297643750370019e-44
MT-ND4,Mesenchymal,0.0,0.0,0.7902062999999999,high,Healthy,UC_inflamed,332941606.0,0.0,71792,14855,0.0
MT-ND4,Mesenchymal,0.0,0.0,0.7902062999999999,high,UC_inflamed,Colitis_inflamed,5786738.0,1.825284586734659e-76,14855,529,6.860258639290941e-75
MT-ND4,Mesenchymal,0.0,0.0,0.7902062999999999,high,UC_inflamed,CD_inflamed,652653.0,8.202377390732015e-11,14855,59,6.114858486216688e-10
MT-ND4,Mesenchymal,0.0,0.0,0.7902062999999999,high,UC_inflamed,UC_non_inflamed,31875117.0,6.577963855964636e-08,14855,4067,3.9563098144045445e-07
MT-ND6,Mesenchymal,0.0,0.0,1.82378195,high,UC_inflamed,Colitis_inflamed,1303334.0,6.615008999795638e-270,14855,529,9.461342801217473e-268
MT-ND6,Mesenchymal,0.0,0.0,1.82378195,high,UC_inflamed,CD_inflamed,104799.0,3.8927492861052884e-44,14855,59,8.820023530209012e-43
MT-ND6,Mesenchymal,0.0,0.0,1.82378195,high,UC_inflamed,UC_non_inflamed,33007157.0,5.325126354693053e-39,14855,4067,1.082023214008726e-37
MT-ND6,Mesenchymal,0.0,0.0,1.82378195,high,Healthy,UC_inflamed,517292186.5,2.8046527358263775e-17,71792,14855,2.9422181025588725e-16
IRF1,Mesenchymal,4.5534437291657076e-285,7.426935662937591e-284,0.9356697,high,UC_inflamed,UC_non_inflamed,39155412.0,4.543327785618653e-203,14855,4067,4.829722375405175e-201
IRF1,Mesenchymal,4.5534437291657076e-285,7.426935662937591e-284,0.9356697,high,UC_inflamed,Colitis_inflamed,5198055.5,3.3407582642519786e-39,14855,529,6.818262811529352e-38
IRF1,Mesenchymal,4.5534437291657076e-285,7.426935662937591e-284,0.9356697,high,Healthy,UC_inflamed,550086677.5,2.59451330569124e-10,71792,14855,1.875348359057377e-09
IRF1,Mesenchymal,4.5534437291657076e-285,7.426935662937591e-284,0.9356697,high,UC_inflamed,CD_inflamed,602561.5,2.618658453582292e-07,14855,59,1.4924972359041231e-06
SRSF3,Mesenchymal,4.797465650414725e-276,7.57800861170539e-275,0.8445999,high,UC_inflamed,UC_non_inflamed,35617883.5,1.533668968916409e-70,14855,4067,5.334716791446818e-69
SRSF3,Mesenchymal,4.797465650414725e-276,7.57800861170539e-275,0.8445999,high,Healthy,UC_inflamed,577529327.0,3.7873604330783284e-58,71792,14855,1.1021944303347756e-56
SRSF3,Mesenchymal,4.797465650414725e-276,7.57800861170539e-275,0.8445999,high,UC_inflamed,Colitis_inflamed,5452696.0,4.561331635057001e-53,14855,529,1.2182462020330514e-51
SRSF3,Mesenchymal,4.797465650414725e-276,7.57800861170539e-275,0.8445999,high,UC_inflamed,CD_inflamed,616707.5,4.7984048265402346e-08,14855,59,2.917924397048425e-07
TCF21,Mesenchymal,2.18563895870134e-268,3.349988440336781e-267,1.31486906,high,Healthy,UC_inflamed,601799885.5,7.075001432947262e-144,71792,14855,5.155787243331026e-142
TCF21,Mesenchymal,2.18563895870134e-268,3.349988440336781e-267,1.31486906,high,UC_inflamed,Colitis_inflamed,1541380.5,1.623744312005735e-137,14855,529,1.1359861922177394e-135
TCF21,Mesenchymal,2.18563895870134e-268,3.349988440336781e-267,1.31486906,high,UC_inflamed,UC_non_inflamed,24212622.0,9.089257425681109e-92,14855,4067,4.1188095340628675e-90
TCF21,Mesenchymal,2.18563895870134e-268,3.349988440336781e-267,1.31486906,high,UC_inflamed,CD_inflamed,229794.0,2.940595001045204e-11,14855,59,2.254941552796544e-10
PLTP,Mesenchymal,4.17631577132361e-249,5.8728753037129286e-248,0.79883117,high,Healthy,UC_inflamed,495049429.0,2.7019656454279863e-75,71792,14855,1.0008085722083193e-73
PLTP,Mesenchymal,4.17631577132361e-249,5.8728753037129286e-248,0.79883117,high,UC_inflamed,Colitis_inflamed,2720284.5,2.2129679468073265e-48,14855,529,5.445355047109548e-47
PLTP,Mesenchymal,4.17631577132361e-249,5.8728753037129286e-248,0.79883117,high,UC_inflamed,UC_non_inflamed,27211934.5,1.3112962655221436e-31,14855,4067,2.23262779958073e-30
PLTP,Mesenchymal,4.17631577132361e-249,5.8728753037129286e-248,0.79883117,high,UC_inflamed,CD_inflamed,276097.0,1.899641041177606e-09,14855,59,1.2910921239097465e-08
RPLP2,Mesenchymal,2.470002954337038e-226,3.1649629855693074e-225,0.7201872000000002,high,Healthy,UC_inflamed,463586014.5,5.0952138478229744e-139,71792,14855,3.595899168237906e-137
RPLP2,Mesenchymal,2.470002954337038e-226,3.1649629855693074e-225,0.7201872000000002,high,UC_inflamed,Colitis_inflamed,5168518.5,5.006610865658887e-35,14855,529,9.300053978251026e-34
RPLP2,Mesenchymal,2.470002954337038e-226,3.1649629855693074e-225,0.7201872000000002,high,UC_inflamed,UC_non_inflamed,28272002.5,3.5811513888158705e-10,14855,4067,2.566274055214007e-09
RPLP2,Mesenchymal,2.470002954337038e-226,3.1649629855693074e-225,0.7201872000000002,high,UC_inflamed,CD_inflamed,645138.0,3.6266274468230887e-10,14855,59,2.597244531798552e-09
RCSD1,Mesenchymal,2.5253981767411945e-209,2.99624463680472e-208,0.7294570699999999,high,UC_inflamed,Colitis_inflamed,2523986.0,2.7607441481756484e-97,14855,529,1.3268213818671685e-95
RCSD1,Mesenchymal,2.5253981767411945e-209,2.99624463680472e-208,0.7294570699999999,high,Healthy,UC_inflamed,509234436.0,4.150751093573724e-50,71792,14855,1.0537176286570747e-48
RCSD1,Mesenchymal,2.5253981767411945e-209,2.99624463680472e-208,0.7294570699999999,high,UC_inflamed,CD_inflamed,279654.5,1.9388069587415887e-13,14855,59,1.6876276116383785e-12
RCSD1,Mesenchymal,2.5253981767411945e-209,2.99624463680472e-208,0.7294570699999999,high,UC_inflamed,UC_non_inflamed,31407606.5,9.768323468174215e-10,14855,4067,6.793283075176861e-09
EMILIN1,Mesenchymal,5.122988579646951e-198,5.746142022423332e-197,0.9522766,high,UC_inflamed,UC_non_inflamed,24756504.5,2.041330451877366e-73,14855,4067,7.376178354831721e-72
EMILIN1,Mesenchymal,5.122988579646951e-198,5.746142022423332e-197,0.9522766,high,Healthy,UC_inflamed,500958381.0,8.238103067759657e-34,71792,14855,1.4873839675590726e-32
EMILIN1,Mesenchymal,5.122988579646951e-198,5.746142022423332e-197,0.9522766,high,UC_inflamed,Colitis_inflamed,3065286.0,8.490711890769789e-19,14855,529,9.524476910277037e-18
EMILIN1,Mesenchymal,5.122988579646951e-198,5.746142022423332e-197,0.9522766,high,UC_inflamed,CD_inflamed,242862.0,1.1117425956541431e-09,14855,59,7.69329888841575e-09
RPL34,Mesenchymal,2.453086844490812e-181,2.5154348263898427e-180,0.6825877,high,UC_inflamed,UC_non_inflamed,35144702.0,1.3690995541942072e-57,14855,4067,3.9338712435856736e-56
RPL34,Mesenchymal,2.453086844490812e-181,2.5154348263898427e-180,0.6825877,high,UC_inflamed,Colitis_inflamed,5158140.5,1.8010886263252934e-34,14855,529,3.302952895350587e-33
RPL34,Mesenchymal,2.453086844490812e-181,2.5154348263898427e-180,0.6825877,high,Healthy,UC_inflamed,563211636.0,3.352817986168701e-27,71792,14855,5.051181821070808e-26
RPL34,Mesenchymal,2.453086844490812e-181,2.5154348263898427e-180,0.6825877,high,UC_inflamed,CD_inflamed,633527.0,3.269145647843259e-09,14855,59,2.1849022973198197e-08
RPS16,Mesenchymal,3.50141535150838e-174,3.4661415132947914e-173,1.2009799,high,Healthy,UC_inflamed,478808147.5,1.1792984200484796e-85,71792,14855,4.983626621590335e-84
RPS16,Mesenchymal,3.50141535150838e-174,3.4661415132947914e-173,1.2009799,high,UC_inflamed,Colitis_inflamed,5285783.0,1.249937367312475e-41,14855,529,2.687256881666988e-40
RPS16,Mesenchymal,3.50141535150838e-174,3.4661415132947914e-173,1.2009799,high,UC_inflamed,CD_inflamed,715321.0,4.620189309082276e-17,14855,59,4.808281022473024e-16
RPS16,Mesenchymal,3.50141535150838e-174,3.4661415132947914e-173,1.2009799,high,UC_inflamed,UC_non_inflamed,28137446.5,1.9817642856665157e-11,14855,4067,1.5366544930505167e-10
UBB,Mesenchymal,3.36010321306336e-172,3.291668083402804e-171,0.8955924999999998,high,Healthy,UC_inflamed,481479103.0,1.1612198575478411e-77,71792,14855,4.4358268040341517e-76
UBB,Mesenchymal,3.36010321306336e-172,3.291668083402804e-171,0.8955924999999998,high,UC_inflamed,Colitis_inflamed,5630505.5,1.7898469078959642e-64,14855,529,5.704627835278944e-63
UBB,Mesenchymal,3.36010321306336e-172,3.291668083402804e-171,0.8955924999999998,high,UC_inflamed,UC_non_inflamed,28444093.5,1.0981994969393181e-08,14855,4067,7.041926619767367e-08
UBB,Mesenchymal,3.36010321306336e-172,3.291668083402804e-171,0.8955924999999998,high,UC_inflamed,CD_inflamed,620584.5,3.2671908898139514e-08,14855,59,2.012472626040453e-07
UBA52,Mesenchymal,1.78175718254845e-141,1.4457145285146164e-140,0.8009978,high,Healthy,UC_inflamed,492825377.5,4.5060007714839986e-48,71792,14855,1.1033775646153231e-46
UBA52,Mesenchymal,1.78175718254845e-141,1.4457145285146164e-140,0.8009978,high,UC_inflamed,UC_non_inflamed,26489589.5,1.881179195782501e-33,14855,4067,3.370010116582556e-32
UBA52,Mesenchymal,1.78175718254845e-141,1.4457145285146164e-140,0.8009978,high,UC_inflamed,Colitis_inflamed,4636608.5,1.7523213077753844e-12,14855,529,1.4464217447451467e-11
UBA52,Mesenchymal,1.78175718254845e-141,1.4457145285146164e-140,0.8009978,high,UC_inflamed,CD_inflamed,612599.5,1.2453416672791366e-07,14855,59,7.300872757282405e-07
RAB24,Mesenchymal,3.642748100164312e-136,2.8309508161247835e-135,0.48119306,medium,UC_inflamed,Colitis_inflamed,3071195.5,9.63375085885774e-98,14855,529,4.657807192491862e-96
RAB24,Mesenchymal,3.642748100164312e-136,2.8309508161247835e-135,0.48119306,medium,UC_inflamed,CD_inflamed,315832.0,7.977710380034135e-22,14855,59,1.0093567889893136e-20
RAB24,Mesenchymal,3.642748100164312e-136,2.8309508161247835e-135,0.48119306,medium,UC_inflamed,UC_non_inflamed,31213367.0,5.356570036937455e-20,14855,4067,6.314878884772544e-19
RAB24,Mesenchymal,3.642748100164312e-136,2.8309508161247835e-135,0.48119306,medium,Healthy,UC_inflamed,541002511.5,2.648581045779442e-11,71792,14855,2.0377106837184308e-10
RPS19,Mesenchymal,3.3787073602040754e-123,2.3693851045704328e-122,0.8805296999999999,high,UC_inflamed,UC_non_inflamed,25227432.0,1.4408427291185228e-58,14855,4067,4.2244260244773013e-57
RPS19,Mesenchymal,3.3787073602040754e-123,2.3693851045704328e-122,0.8805296999999999,high,Healthy,UC_inflamed,576827749.0,1.3090573321248636e-55,71792,14855,3.6468376291075816e-54
RPS19,Mesenchymal,3.3787073602040754e-123,2.3693851045704328e-122,0.8805296999999999,high,UC_inflamed,Colitis_inflamed,5051681.5,4.897275091867663e-29,14855,529,7.777400192735302e-28
RPS19,Mesenchymal,3.3787073602040754e-123,2.3693851045704328e-122,0.8805296999999999,high,UC_inflamed,CD_inflamed,622705.0,2.2758731296340792e-08,14855,59,1.4208216751078356e-07
NBPF1,Mesenchymal,7.101774446155252e-122,4.9413171722010715e-121,0.456359854,medium,UC_inflamed,Colitis_inflamed,3011334.0,1.063861618300145e-85,14855,529,4.501705560358338e-84
NBPF1,Mesenchymal,7.101774446155252e-122,4.9413171722010715e-121,0.456359854,medium,UC_inflamed,UC_non_inflamed,27704778.5,2.5888622656016213e-61,14855,4067,7.914507742504578e-60
NBPF1,Mesenchymal,7.101774446155252e-122,4.9413171722010715e-121,0.456359854,medium,Healthy,UC_inflamed,549427037.0,2.3074479730711183e-30,71792,14855,3.7881192259235837e-29
NBPF1,Mesenchymal,7.101774446155252e-122,4.9413171722010715e-121,0.456359854,medium,UC_inflamed,CD_inflamed,315841.0,1.0857573498835953e-16,14855,59,1.1086110517894697e-15
RPL27,Mesenchymal,1.8108619205245082e-119,1.2411029260180164e-118,0.9724912,high,UC_inflamed,Colitis_inflamed,5741193.5,6.280883766748581e-73,14855,529,2.25487367506656e-71
RPL27,Mesenchymal,1.8108619205245082e-119,1.2411029260180164e-118,0.9724912,high,UC_inflamed,UC_non_inflamed,27244860.5,7.734129521511718e-22,14855,4067,9.79307775327826e-21
RPL27,Mesenchymal,1.8108619205245082e-119,1.2411029260180164e-118,0.9724912,high,Healthy,UC_inflamed,508509006.5,4.927042529927217e-19,71792,14855,5.5899978826683924e-18
RPL27,Mesenchymal,1.8108619205245082e-119,1.2411029260180164e-118,0.9724912,high,UC_inflamed,CD_inflamed,662635.5,1.0266267652490396e-11,14855,59,8.096481100012625e-11
RPL18A,Mesenchymal,1.7815006823256506e-106,1.099587530975335e-105,1.0493677000000003,high,UC_inflamed,UC_non_inflamed,24325106.0,5.5377148697749425e-81,14855,4067,2.2179780646039657e-79
RPL18A,Mesenchymal,1.7815006823256506e-106,1.099587530975335e-105,1.0493677000000003,high,UC_inflamed,Colitis_inflamed,4674555.0,1.1139267213272441e-13,14855,529,9.826252860259225e-13
RPL18A,Mesenchymal,1.7815006823256506e-106,1.099587530975335e-105,1.0493677000000003,high,Healthy,UC_inflamed,551566902.5,3.945177274880768e-11,71792,14855,3.0017045406507665e-10
RPL18A,Mesenchymal,1.7815006823256506e-106,1.099587530975335e-105,1.0493677000000003,high,UC_inflamed,CD_inflamed,620392.5,3.3965728083024655e-08,14855,59,2.089769448262195e-07
PITX1,Mesenchymal,4.1646199672003495e-96,2.344629807193252e-95,0.89753447,high,UC_inflamed,UC_non_inflamed,25175243.0,1.6329559142524046e-81,14855,4067,6.56976142868723e-80
PITX1,Mesenchymal,4.1646199672003495e-96,2.344629807193252e-95,0.89753447,high,UC_inflamed,Colitis_inflamed,3147420.5,1.170700994778258e-20,14855,529,1.4164329893249075e-19
PITX1,Mesenchymal,4.1646199672003495e-96,2.344629807193252e-95,0.89753447,high,UC_inflamed,CD_inflamed,226884.5,1.4054921062205656e-14,14855,59,1.300290117801138e-13
PITX1,Mesenchymal,4.1646199672003495e-96,2.344629807193252e-95,0.89753447,high,Healthy,UC_inflamed,546079481.5,2.1579667241067736e-08,71792,14855,1.3504062049945446e-07
PTPRK,Mesenchymal,4.22048064786085e-75,1.948110620656693e-74,0.5752501999999999,high,UC_inflamed,Colitis_inflamed,3106381.0,4.437823041657029e-34,14855,529,8.068541441170293e-33
PTPRK,Mesenchymal,4.22048064786085e-75,1.948110620656693e-74,0.5752501999999999,high,UC_inflamed,UC_non_inflamed,31828783.0,3.4958117394175206e-16,14855,4067,3.487582733278769e-15
PTPRK,Mesenchymal,4.22048064786085e-75,1.948110620656693e-74,0.5752501999999999,high,Healthy,UC_inflamed,520049979.5,2.7597867850046234e-14,71792,14855,2.5136503886720655e-13
PTPRK,Mesenchymal,4.22048064786085e-75,1.948110620656693e-74,0.5752501999999999,high,UC_inflamed,CD_inflamed,287247.5,6.212301659888504e-12,14855,59,4.9662026324086346e-11
SIN3B,Mesenchymal,2.409526459481209e-40,7.209674070896791e-40,0.339729215,medium,Healthy,UC_inflamed,543007766.5,1.210554341270218e-16,71792,14855,1.2332981823226758e-15
SIN3B,Mesenchymal,2.409526459481209e-40,7.209674070896791e-40,0.339729215,medium,UC_inflamed,CD_inflamed,360767.0,5.612297608278818e-10,14855,59,3.967432753109049e-09
SIN3B,Mesenchymal,2.409526459481209e-40,7.209674070896791e-40,0.339729215,medium,UC_inflamed,UC_non_inflamed,30827199.5,2.3559570204891757e-08,14855,4067,1.468711303513903e-07
SIN3B,Mesenchymal,2.409526459481209e-40,7.209674070896791e-40,0.339729215,medium,UC_inflamed,Colitis_inflamed,3726683.0,1.312643043799483e-07,14855,529,7.679216905950333e-07
